INSERT INTO `admin` VALUES ('viciouzkitten','Aileen','Sabellon','password');

INSERT INTO `voter` VALUES ('11008989','France','Padilla','RVR-COB','5T2S4M9','N'),('11018399','Carlo','Inocencio','RVR-COB','5T2S4M1','N'),('11032383','Curt','Delfin','CLA','5T2S4M8','N'),('11049774','Vani','Altomonte','CLA','5T2S4M7','N'),('11076720','Carlo','Carabeo','CCS','zgmf','N'),('11076721','Eliczar','Bebeng','CCS','zgmf','N'),('11100958','Pram','Menghrajani','RVR-COB','421T67','N'),('11108754','Danica','Tan','CCS','5T2S4M0','N'),('11110422','Janel','Tumpalan','SOE','5T2S4M4','N'),('11128658','Jenn','Noblezada','RVR-COB','5T2S4M3','N'),('11143479','Patrick','Lo','CLA','5T2S4M6','N'),('11162880','Angel','Alva','RVR-COB','10M15XI','N'),('11173890','Patricia','Lacap','CLA','101310D','N'),('11177640','Aubrey','Tolentino','GCOE','84323D8','N'),('11178620','Angel','Lizardo','GCOE','1I23B3H','N'),('11179620','Mark','Belarmino','GCOE','3VKJP1U','N'),('11210737','Rupert','Laurel','RVR-COB','5T2S4M5','N'),('11225394','Maemae','Gonzales','RVR-COB','5T2S4M2','N'),('11271310','Lisa','Venegas','RVR-COB','U2SBW76','N'),('11274530','Ping','Rivero','CCS','TZ31NT7','N'),('11275510','Julia','Cartago','CLA','TIW39KU','N'),('11276460','Gaston','Velarde','CCS','218E951','N'),('11276630','Larissa','Ubungen','CCS','101DR31','N'),('11278390','Raphaelo','Perez','RVR-COB','88CXL65','N'),('11279400','Yani','Abonado','RVR-COB','EH1Z2EN','N'),('11331038','Stef','Rivera','CLA','8YDM42S','N'),('11346418','Clifford','Espiritu','GCOE','982U4HE','N');

INSERT INTO `candidate` VALUES ('11276460','CCS Representative'),('11276630','CCS Representative'),('11173890','CLA Representative'),('11275510','CLA Representative'),('11278390','COB Representative'),('11279400','COB Representative'),('11177640','COE Representative'),('11178620','COE Representative'),('11008989','Executive Secretary'),('11110422','Executive Secretary'),('11108754','Executive Treasurer'),('11210737','Executive Treasurer'),('11271310','Legislative Assembly Representative'),('11274530','Legislative Assembly Representative'),('11331038','Legislative Assembly Representative'),('11346418','Legislative Assembly Representative'),('11162880','STC President'),('11179620','STC President'),('11018399','USG President'),('11032383','VP Externals'),('11225394','VP Externals'),('11049774','VP Internals'),('11100958','VP Internals'),('11128658','VP Internals');

INSERT INTO `party` VALUES (0,'Independent'),(1,'Tapat'),(2,'Santugon');

INSERT INTO `party_candidate` VALUES (2,'11008989'),(2,'11018399'),(2,'11032383'),(0,'11049774'),(2,'11100958'),(2,'11108754'),(1,'11110422'),(1,'11128658'),(1,'11162880'),(2,'11173890'),(1,'11177640'),(2,'11178620'),(2,'11179620'),(1,'11210737'),(1,'11225394'),(1,'11271310'),(1,'11274530'),(1,'11275510'),(2,'11276460'),(1,'11276630'),(2,'11278390'),(1,'11279400'),(2,'11331038'),(2,'11346418');